eeg_feature,model,hidden_channels,window_size,batch_size,learning_rate,dropout_rate,weight_decay,activation_funct,number_train_samples,number_val_samples,number_test_samples,mean_test_loss,test_acc,test_f1,test_prec,test_reca,test_roc,mean_train_loss,train_acc,train_f1,train_prec,train_reca,train_roc,mean_val_loss,val_acc,val_f1,val_prec,val_reca,val_roc,pytorch_total_params,train_time,best_epoch,experiment_id,train_samples,val_samples
"('eeg_feature', 'raw')","('model', 'GraphConv')","('hidden_channels', 2048)","('window_size', 1.0)","('batch_size', 32)","('learning_rate', 0.0005)","('dropout_rate', 0.25)","('weight_decay', 0.0)","('activation_funct', 'relu')","('number_train_samples', 64)","('number_val_samples', 100)","('number_test_samples', 2236)","('mean_test_loss', 2.5727848041676027)","('test_acc', 0.9470455053667263)","('test_f1', 0.9472944184172708)","('test_prec', 0.9491910118670731)","('test_reca', 0.9470455053667263)","('test_roc', 0.9988068204990412)","('mean_train_loss', 2.518040657043457)","('train_acc', 1.0)","('train_f1', 1.0)","('train_prec', 1.0)","('train_reca', 1.0)","('train_roc', 1.0)","('mean_val_loss', 2.5717955946922304)","('val_acc', 0.94875)","('val_f1', 0.9484032516674217)","('val_prec', 0.9502093034638079)","('val_reca', 0.94875)","('val_roc', 0.9988216733870968)","('pytorch_total_params', 8489120)","('train_time', 424.1086447238922)","('best_epoch', 82)","('experiment_id', '9')","('train_samples', '853 2131 450 2251 1375 144 926 102 2302 2233 132 510 2322 1936 1934 750 482 2308 261 1110 656 2351 536 2173 1569 2363 548 61 1112 1165 1632 1502 2171 2028 184 1990 934 1326 1199 1913 1403 477 421 1930 1141 1282 1773 587 1429 1535 8 260 87 170 2309 1662 1304 2011 589 1648 2253 229 472 1706')","('val_samples', '968 708 488 403 464 2067 663 849 474 2098 1359 699 2010 2094 1754 1347 1137 2334 1788 1445 1762 709 657 545 481 1382 1455 443 1337 2082 2262 1659 1054 1291 1533 1804 1302 253 485 1822 935 1361 2220 647 284 1308 385 1847 606 77 2057 1732 2323 2182 1810 1697 718 1297 393 558 1901 1225 1469 2021 976 523 442 118 1527 2115 2180 1189 2113 989 1821 1633 1384 658 1207 1714 1461 1 1463 1630 324 1927 1624 911 771 114 306 2324 1681 2078 2172 1845 1016 516 2300 239')"
