eeg_feature,model,hidden_channels,window_size,batch_size,learning_rate,dropout_rate,weight_decay,activation_funct,number_train_samples,number_val_samples,number_test_samples,mean_test_loss,test_acc,test_f1,test_prec,test_reca,test_roc,mean_train_loss,train_acc,train_f1,train_prec,train_reca,train_roc,mean_val_loss,val_acc,val_f1,val_prec,val_reca,val_roc,pytorch_total_params,train_time,best_epoch,experiment_id,train_samples,val_samples
"('eeg_feature', 'raw')","('model', 'GraphConv')","('hidden_channels', 2048)","('window_size', 4.0)","('batch_size', 32)","('learning_rate', 0.0005)","('dropout_rate', 0.25)","('weight_decay', 0.0)","('activation_funct', 'relu')","('number_train_samples', 128)","('number_val_samples', 100)","('number_test_samples', 372)","('mean_test_loss', 3.412681192480108)","('test_acc', 0.1051747311827957)","('test_f1', 0.04507462232760257)","('test_prec', 0.038515638602418176)","('test_reca', 0.1051747311827957)","('test_roc', 0.5423959989838933)","('mean_train_loss', 3.4092887975275517)","('train_acc', 0.108642578125)","('train_f1', 0.046170224146850784)","('train_prec', 0.038444155036547786)","('train_reca', 0.108642578125)","('train_roc', 0.5434321434267105)","('mean_val_loss', 3.4132504534721373)","('val_acc', 0.1046875)","('val_f1', 0.04458379511623984)","('val_prec', 0.03817563741449996)","('val_reca', 0.1046875)","('val_roc', 0.5424625)","('pytorch_total_params', 34146848)","('train_time', 326.76980805397034)","('best_epoch', 18)","('experiment_id', '48')","('train_samples', '293 14 419 588 182 470 132 554 524 320 495 500 432 487 565 154 521 386 403 545 15 298 591 250 503 179 60 377 287 210 450 62 564 2 354 6 542 392 286 515 150 512 103 299 536 222 46 496 143 261 537 380 74 288 390 396 361 379 425 437 209 452 462 167 190 72 49 456 124 251 42 572 228 66 84 358 93 183 441 184 234 85 395 1 406 122 434 592 319 199 304 172 484 378 349 52 344 504 394 341 398 113 374 260 375 263 47 235 427 97 321 255 556 451 505 283 353 9 393 310 58 478 579 561 28 356 173 362')","('val_samples', '594 347 29 106 401 285 446 8 64 57 224 155 409 165 86 216 180 494 413 459 208 595 248 188 226 519 239 584 580 21 589 33 535 241 257 315 318 363 137 7 445 540 322 127 120 156 212 147 45 18 303 330 119 552 577 566 265 587 543 438 479 423 418 339 305 295 491 281 337 448 481 300 145 87 563 83 30 529 89 189 336 365 568 144 177 131 149 37 27 408 130 507 345 259 174 166 457 329 414 81')"
