eeg_feature,model,hidden_channels,window_size,batch_size,learning_rate,dropout_rate,weight_decay,activation_funct,number_train_samples,number_val_samples,number_test_samples,mean_test_loss,test_acc,test_f1,test_prec,test_reca,test_roc,mean_train_loss,train_acc,train_f1,train_prec,train_reca,train_roc,mean_val_loss,val_acc,val_f1,val_prec,val_reca,val_roc,pytorch_total_params,train_time,best_epoch,experiment_id,train_samples,val_samples
"('eeg_feature', 'raw')","('model', 'GraphConv')","('hidden_channels', 2048)","('window_size', 1.0)","('batch_size', 32)","('learning_rate', 0.0005)","('dropout_rate', 0.25)","('weight_decay', 0.0)","('activation_funct', 'relu')","('number_train_samples', 32)","('number_val_samples', 100)","('number_test_samples', 2268)","('mean_test_loss', 2.696016069757875)","('test_acc', 0.8321483686067019)","('test_f1', 0.8278809821018325)","('test_prec', 0.8288598919416942)","('test_reca', 0.8321483686067019)","('test_roc', 0.9870850731115417)","('mean_train_loss', 2.521914690732956)","('train_acc', 0.99609375)","('train_f1', 0.9960440060849897)","('train_prec', 0.9962121212121212)","('train_reca', 0.99609375)","('train_roc', 0.999970466859879)","('mean_val_loss', 2.694841890335083)","('val_acc', 0.8321875)","('val_f1', 0.8276615979862716)","('val_prec', 0.8285012501069249)","('val_reca', 0.8321875)","('val_roc', 0.9881)","('pytorch_total_params', 8489120)","('train_time', 491.80208587646484)","('best_epoch', 106)","('experiment_id', '6')","('train_samples', '906 306 2236 1305 1180 1804 1244 1492 44 1204 185 2362 1738 513 1499 1398 751 1665 665 1566 1150 2310 1054 730 1482 1454 128 1000 457 1616 237 115')","('val_samples', '190 1020 1714 2258 1387 1688 2196 2124 346 2265 52 1290 962 1303 1886 807 2070 59 1295 1900 1830 1272 1320 960 339 1222 209 1268 1957 1402 927 1670 1427 1207 1490 216 1895 878 1658 1862 420 1715 508 299 943 1203 1668 461 822 416 1745 159 2268 1680 1353 1890 246 1059 629 784 841 2399 1580 1769 298 2088 1604 917 497 1142 2324 302 125 2311 387 1053 390 627 357 1629 2385 1030 939 1187 696 2212 1650 1378 86 2035 1562 1585 370 753 1344 1104 2125 1057 110 2322')"
