eeg_feature,model,hidden_channels,window_size,batch_size,learning_rate,dropout_rate,weight_decay,activation_funct,number_train_samples,number_val_samples,number_test_samples,mean_test_loss,test_acc,test_f1,test_prec,test_reca,test_roc,mean_train_loss,train_acc,train_f1,train_prec,train_reca,train_roc,mean_val_loss,val_acc,val_f1,val_prec,val_reca,val_roc,pytorch_total_params,train_time,best_epoch,experiment_id,train_samples,val_samples
"('eeg_feature', 'raw')","('model', 'GraphConv')","('hidden_channels', 2048)","('window_size', 2.0)","('batch_size', 32)","('learning_rate', 0.0005)","('dropout_rate', 0.25)","('weight_decay', 0.0)","('activation_funct', 'relu')","('number_train_samples', 128)","('number_val_samples', 100)","('number_test_samples', 972)","('mean_test_loss', 3.0236281144275585)","('test_acc', 0.49414866255144035)","('test_f1', 0.36928427855819224)","('test_prec', 0.31216272534787437)","('test_reca', 0.49414866255144035)","('test_roc', 0.8017301382703826)","('mean_train_loss', 3.0181740187108517)","('train_acc', 0.49951171875)","('train_f1', 0.3731246707258412)","('train_prec', 0.3157614343951739)","('train_reca', 0.49951171875)","('train_roc', 0.8043308873330393)","('mean_val_loss', 3.024599757194519)","('val_acc', 0.4934375)","('val_f1', 0.36992558985639573)","('val_prec', 0.31339395182014645)","('val_reca', 0.4934375000000001)","('val_roc', 0.8021608870967741)","('pytorch_total_params', 16976160)","('train_time', 442.5392761230469)","('best_epoch', 41)","('experiment_id', '30')","('train_samples', '792 919 360 1141 225 999 494 865 901 651 646 403 749 535 379 1124 671 1057 1012 1167 363 168 50 228 421 290 455 274 583 408 1161 473 454 143 58 751 848 34 830 1083 119 913 1096 131 524 160 669 80 582 75 302 123 239 288 737 1187 843 560 778 731 422 580 170 289 890 1130 857 879 605 1148 167 303 658 317 111 748 755 208 1045 627 950 358 555 1091 925 172 753 462 1137 756 213 21 1136 407 162 230 972 525 948 796 3 66 1032 395 686 466 811 496 933 1028 584 224 1186 637 713 253 899 1131 829 514 1006 281 247 823 368 765 393 382')","('val_samples', '156 81 727 914 779 692 1031 585 1125 1176 444 907 375 691 995 374 693 1058 333 613 570 1153 553 361 443 747 754 801 258 256 234 936 338 306 245 336 6 357 541 681 460 1118 642 893 418 1019 876 530 347 136 1047 1149 629 334 1010 153 577 401 412 18 826 340 849 248 835 1054 522 194 659 927 219 324 431 1140 282 425 0 435 667 176 808 967 232 1120 612 432 411 1198 537 438 1079 750 690 4 309 373 1174 1163 279 217')"
