eeg_feature,model,hidden_channels,window_size,batch_size,learning_rate,dropout_rate,weight_decay,activation_funct,number_train_samples,number_val_samples,number_test_samples,mean_test_loss,test_acc,test_f1,test_prec,test_reca,test_roc,mean_train_loss,train_acc,train_f1,train_prec,train_reca,train_roc,mean_val_loss,val_acc,val_f1,val_prec,val_reca,val_roc,pytorch_total_params,train_time,best_epoch,experiment_id,train_samples,val_samples
"('eeg_feature', 'raw')","('model', 'GraphConv')","('hidden_channels', 2048)","('window_size', 2.0)","('batch_size', 32)","('learning_rate', 0.0005)","('dropout_rate', 0.25)","('weight_decay', 0.0)","('activation_funct', 'relu')","('number_train_samples', 64)","('number_val_samples', 100)","('number_test_samples', 1036)","('mean_test_loss', 2.8587636257230544)","('test_acc', 0.6584519787644788)","('test_f1', 0.5748191314015263)","('test_prec', 0.5277719195962532)","('test_reca', 0.6584519787644787)","('test_roc', 0.9191135945316591)","('mean_train_loss', 2.7992067597806454)","('train_acc', 0.71826171875)","('train_f1', 0.619946327116184)","('train_prec', 0.5588726534946009)","('train_reca', 0.71826171875)","('train_roc', 0.951143818516885)","('mean_val_loss', 2.861099817752838)","('val_acc', 0.656875)","('val_f1', 0.5726306054099649)","('val_prec', 0.5245582126184085)","('val_reca', 0.656875)","('val_roc', 0.9186546370967743)","('pytorch_total_params', 16976160)","('train_time', 353.69170236587524)","('best_epoch', 55)","('experiment_id', '27')","('train_samples', '212 173 25 124 277 885 872 1108 581 103 778 876 182 753 66 693 1101 402 214 1025 27 843 1061 832 84 358 1128 44 434 441 1157 559 1038 221 1023 77 250 1152 819 1176 1072 751 627 995 408 725 462 1063 456 1022 598 567 23 1143 235 660 711 602 997 48 74 1123 106 695')","('val_samples', '952 867 703 951 609 76 829 1046 243 824 714 759 601 634 603 530 736 677 170 1173 1059 651 1171 828 920 1107 957 749 1058 641 669 742 69 220 135 203 1070 1194 611 785 151 300 548 735 806 1179 377 1169 1134 87 635 389 670 882 210 777 689 662 209 479 807 147 1198 1103 908 630 712 485 585 895 963 991 460 773 577 823 781 1190 1086 503 367 975 974 255 996 359 622 687 954 718 0 392 708 417 1141 551 91 113 978 482')"
